fecha,fuente,temperatura,salinidad,clorofila_ug_l,oxigeno_mg_l,turbidez_ftu,transparencia_m
2016-08-08,upct,,,,,,1.0276745557785034
2016-08-09,upct,,,,,,1.5903536081314087
2016-08-12,upct,,,,,,1.1958996057510376
2016-08-16,upct,,,,,,1.30524742603302
2016-08-22,upct,,,,,,0.979977548122406
2016-08-30,upct,,,,,,0.995704174041748
2016-09-09,upct,,,,,,1.0811728239059448
2016-09-12,upct,,,,,,1.2335542440414429
2016-09-14,upct,,,,,,1.2888153791427612
2016-09-21,upct,,,,,,0.8164271712303162
2016-09-26,upct,,,,,,0.8287442326545715
2016-10-03,upct,,,,,,0.8419083952903748
2016-10-05,upct,,,,,,0.8723422884941101
2016-10-11,upct,,,,,,0.8655602335929871
2016-10-17,upct,,,,,,0.8749272227287292
2016-10-24,upct,,,,,,0.9811081290245056
2016-11-09,upct,,,,,,1.1186113357543943
2016-11-17,upct,,,,,,1.0671107769012451
2016-11-24,upct,,,,,,1.4475159645080566
2016-11-29,upct,,,,,,1.2549382448196411
2016-12-14,upct,,,,,,1.5068613290786743
2016-12-21,upct,,,,,,0.9584892392158508
2016-12-29,upct,,,,,,1.081593632698059
2017-01-04,upct,,,,,,1.1411157846450806
2017-01-13,upct,,,,,,1.0749988555908203
2017-01-25,upct,,,,,,0.9464895129203796
2017-02-01,upct,,,,,,1.5151474475860596
2017-02-07,upct,,,,,,1.2005016803741455
2017-02-14,upct,,,,,,1.188524842262268
2017-02-15,upct,,,,,,2.9433798789978027
2017-02-28,upct,,,,,,1.877350091934204
2017-03-07,upct,,,,,,2.15604305267334
2017-03-21,upct,,,,,,2.0691096782684326
2017-03-22,upct,16.784072875976562,36.64084243774414,,7.624396800994873,2.4384684562683105,
2017-03-28,upct,,,,,,2.6812260150909424
2017-03-30,upct,17.32989501953125,36.44270706176758,,7.41309118270874,2.37746262550354,
2017-04-05,upct,18.244800567626953,36.12716293334961,,7.275117874145508,2.274135112762451,
2017-04-12,upct,19.46531867980957,38.155799865722656,,7.099794864654541,2.3584060668945312,
2017-04-25,upct,18.906261444091797,38.728240966796875,,6.980852127075195,1.862621545791626,3.280859470367432
2017-05-04,upct,19.501352310180664,38.933074951171875,,6.822452068328857,1.4904474020004272,
2017-05-11,upct,,,,,,3.862305641174317
2017-05-12,upct,,,,,,3.566289186477661
2017-05-18,upct,,,,,,4.217769622802734
2017-05-19,upct,23.03464126586914,41.44813537597656,0.9360380172729492,6.041473865509033,2.001521348953247,
2017-05-24,upct,23.128435134887695,41.673458099365234,1.015891194343567,6.09463357925415,6.094403266906738,
2017-05-31,upct,,,,,,4.689275741577148
2017-06-02,upct,24.581281661987305,41.92520523071289,1.4671412706375122,6.231743812561035,4.110810279846191,
2017-06-06,upct,25.5700740814209,41.991729736328125,1.2797284126281738,6.0968523025512695,1.254146933555603,4.613865375518799
2017-06-13,upct,26.197235107421875,42.18815994262695,1.202833890914917,6.0617356300354,3.323204278945923,
2017-06-14,upct,,,,,,4.33234167098999
2017-06-21,upct,28.228496551513672,42.41734313964844,1.0080941915512085,5.558415412902832,1.4656212329864502,
2017-06-23,upct,,,,,,4.194737434387207
2017-06-27,upct,,,,,,4.15277624130249
2017-06-30,upct,27.049501419067383,42.64724349975586,1.2447112798690796,4.885758876800537,2.2248334884643555,
2017-07-05,upct,26.623624801635742,43.009681701660156,1.4530316591262817,6.013712406158447,3.525289535522461,
2017-07-06,upct,,,,,,3.772150278091431
2017-07-11,upct,,,,,,3.5352048873901367
2017-07-12,upct,28.079328536987305,43.12077331542969,2.010637044906616,5.8282976150512695,1.8977872133255005,
2017-07-19,upct,28.87911033630371,43.21356201171875,1.613444447517395,5.586859703063965,2.821261167526245,3.7070233821868896
2017-07-26,upct,29.515522003173828,43.45481491088867,1.811876654624939,5.688200950622559,1.7402244806289673,
2017-07-28,upct,,,,,,3.870812177658081
2017-07-31,upct,,,,,,3.1152422428131104
2017-08-08,upct,,,,,,1.768590211868286
2017-08-18,upct,,,,,,1.106393575668335
2017-08-24,upct,,,,,,1.075135350227356
2017-08-29,upct,,,,,,1.004718780517578
2017-08-30,upct,27.431928634643555,44.05550765991211,4.858102321624756,4.575324535369873,8.873456001281738,
2017-09-06,upct,27.1295223236084,44.072383880615234,4.979544639587402,4.561092853546143,7.418335914611816,0.9291068911552428
2017-09-11,upct,25.763736724853516,44.13997268676758,4.2478837966918945,4.512014865875244,4.119320392608643,
2017-09-14,upct,,,,,,1.230633020401001
2017-09-20,upct,,,,,,1.07293963432312
2017-09-27,upct,24.83526611328125,44.19529342651367,4.446615695953369,5.845129013061523,6.909273147583008,
2017-09-29,upct,,,,,,0.9212824106216432
2017-10-04,upct,24.87564468383789,44.499366760253906,3.9611263275146484,5.847646713256836,8.252984046936035,
2017-10-05,upct,,,,,,1.0661059617996216
2017-10-10,upct,,,,,,1.111597776412964
2017-10-11,upct,24.193134307861328,44.556087493896484,3.972723960876465,5.360457897186279,4.738160133361816,
2017-10-17,upct,23.64645767211914,44.544647216796875,4.6001152992248535,5.692973613739014,4.406065464019775,
2017-10-19,upct,,,,,,1.0533708333969116
2017-10-25,upct,21.773101806640625,44.63691329956055,4.168152332305908,5.689738750457764,4.541789531707764,1.3286924362182615
2017-10-31,upct,,,,,,1.3298133611679075
2017-11-03,upct,21.103363037109375,44.46916580200195,5.505832195281982,6.261956691741943,4.218606948852539,
2017-11-08,upct,18.21173667907715,44.46755599975586,4.872249603271484,6.7680864334106445,4.8349175453186035,1.0770257711410522
2017-11-15,upct,15.720983505249023,44.6296501159668,4.517168045043945,7.216799736022949,5.155428886413574,
2017-11-16,upct,,,,,,0.9698531031608582
2017-11-21,upct,,,,,,1.007776975631714
2017-11-22,upct,15.511390686035156,44.37778854370117,2.653458833694458,7.0311994552612305,5.439268589019775,
2017-11-28,upct,15.508110046386719,44.31761932373047,2.7897815704345703,6.509707927703857,4.918013095855713,
2017-11-29,upct,,,,,,1.3190922737121582
2017-12-05,upct,11.415262222290039,44.57252502441406,2.053347587585449,7.519583225250244,5.092292308807373,1.2054094076156616
2017-12-13,upct,11.78167724609375,44.317569732666016,2.1916534900665283,7.06716775894165,5.36882209777832,
2017-12-14,upct,,,,,,1.273843765258789
2017-12-18,upct,11.431200981140137,44.22274398803711,2.1418144702911377,7.370354175567627,4.687733173370361,
2017-12-21,upct,,,,,,1.4368765354156494
2017-12-26,upct,11.807352066040039,43.86504364013672,1.725929856300354,7.433724403381348,4.096164703369141,1.511952519416809
2018-01-02,upct,12.216243743896484,44.001319885253906,4.261530876159668,7.493206024169922,3.9854226112365723,
2018-01-09,upct,12.035869598388672,43.62187576293945,2.99151611328125,7.406545639038086,3.144521713256836,
2018-01-10,upct,,,,,,1.9693254232406616
2018-01-17,upct,11.524864196777344,43.5608024597168,2.734910488128662,7.571323394775391,9.126980781555176,2.243141889572144
2018-01-24,upct,12.573280334472656,43.331966400146484,2.7545742988586426,7.714879512786865,9.462984085083008,2.448352336883545
2018-01-31,upct,12.355557441711426,43.217777252197266,3.9216885566711426,7.6744303703308105,18.203479766845703,
2018-02-01,upct,,,,,,1.5723090171813965
2018-02-08,upct,,,,,,2.0162899494171143
2018-02-12,upct,10.802577018737793,42.6698112487793,5.480127811431885,8.279370307922363,3.6895668506622314,
2018-02-14,upct,,,,,,2.012601375579834
2018-02-20,upct,12.962960243225098,42.609439849853516,4.119351387023926,8.387276649475098,3.510411024093628,
2018-02-22,upct,,,,,,1.916932225227356
2018-02-27,upct,12.908258438110352,42.52881622314453,4.911417007446289,8.037810325622559,2.6430506706237793,
2018-03-02,upct,,,,,,1.8049793243408203
2018-03-07,upct,13.51704216003418,42.33413314819336,3.462308168411255,7.650508880615234,3.240403890609741,
2018-03-08,upct,,,,,,1.9214518070220947
2018-03-13,upct,15.187907218933105,42.58723068237305,2.9756557941436768,7.317130088806152,2.700925588607788,
2018-03-15,upct,,,,,,1.551572322845459
2018-03-21,upct,,,,,,2.311457633972168
2018-03-26,upct,13.194050788879395,42.64354705810547,2.05454421043396,7.389643669128418,4.406817436218262,
2018-03-27,upct,,,,,,2.7019717693328857
2018-04-04,upct,,,,,,3.250803232192993
2018-04-05,upct,16.716062545776367,42.900630950927734,1.3546311855316162,7.174780368804932,2.8540544509887695,
2018-04-13,upct,,,,,,2.446906805038452
2018-04-17,upct,17.312650680541992,42.99467849731445,1.0232999324798584,6.964915752410889,2.379300832748413,
2018-04-18,upct,,,,,,4.0819926261901855
2018-04-27,upct,18.495742797851562,43.16616439819336,1.4121644496917725,6.6272735595703125,2.596731185913086,
2018-05-02,upct,18.55766487121582,43.1279411315918,1.218906283378601,6.765146732330322,3.829606056213379,3.692394733428955
2018-05-11,upct,21.590599060058594,43.485557556152344,1.6895012855529785,6.408782005310059,2.0258750915527344,3.7064950466156006
2018-05-16,upct,21.545583724975586,43.53720474243164,1.5990808010101318,6.772701740264893,8.927702903747559,3.8390953540802
2018-05-22,upct,22.81941032409668,43.63739013671875,0.8582448363304138,6.469855308532715,1.6475929021835327,
2018-05-23,upct,,,,,,4.805665016174316
2018-05-29,upct,,,,,,4.625407695770264
2018-05-30,upct,23.784318923950195,43.75325012207031,0.7690379619598389,6.120737552642822,1.695501685142517,
2018-06-07,upct,,,,,,4.575393199920654
2018-06-08,upct,23.973134994506836,44.001258850097656,0.6953132152557373,5.891425609588623,12.863386154174805,
2018-06-12,upct,24.837888717651367,44.043800354003906,0.9416189193725586,6.332353115081787,1.3031398057937622,
2018-06-14,upct,,,,,,4.610722064971924
2018-06-20,upct,26.350177764892578,44.21405029296875,0.8863175511360168,6.271915435791016,3.1559290885925293,
2018-06-22,upct,,,,,,4.719486236572266
2018-06-26,upct,27.537517547607422,44.375823974609375,1.4761039018630981,6.425238609313965,1.1170812845230103,
2018-06-29,upct,,,,,,3.729062080383301
2018-07-04,upct,27.764522552490234,44.443817138671875,1.9259414672851562,6.092236042022705,2.5423014163970947,3.983959436416626
2018-07-10,upct,27.926950454711914,44.7967414855957,1.345804214477539,6.113693714141846,1.9210233688354492,
2018-07-12,upct,,,,,,4.26073169708252
2018-07-19,upct,28.111995697021484,44.7440299987793,1.1052093505859375,6.170199394226074,1.0015419721603394,
2018-07-20,upct,,,,,,3.932451009750366
2018-07-24,upct,28.90962791442871,45.170013427734375,1.0564773082733154,6.349825382232666,0.973041296005249,3.995096683502197
2018-08-01,upct,,,,,,3.813245058059693
2018-08-03,upct,29.962982177734375,45.3971061706543,1.3053109645843506,5.987717628479004,2.244586944580078,
2018-08-07,upct,,,,,,4.579463005065918
2018-08-09,upct,30.478622436523438,45.554718017578125,0.7820860743522644,5.833763599395752,1.8509716987609863,
2018-08-14,upct,30.16277313232422,45.709171295166016,0.7820101380348206,5.7698822021484375,4.692698955535889,
2018-08-16,upct,,,,,,4.377094745635986
2018-08-23,upct,28.990205764770508,45.86023712158203,0.9310103058815002,6.247811317443848,6.48602294921875,4.662222862243652
2018-08-29,upct,28.9088191986084,45.999942779541016,0.7385942935943604,5.513906955718994,1.3895612955093384,
2018-08-30,upct,,,,,,4.152698993682861
2018-09-04,upct,28.66253089904785,46.04533767700195,0.9168238043785095,5.659107208251953,1.3189784288406372,
2018-09-06,upct,,,,,,4.178790092468262
2018-09-13,upct,26.545242309570312,46.0814094543457,1.0762044191360474,4.840758800506592,1.4652265310287476,
2018-09-14,upct,,,,,,3.8066389560699454
2018-09-20,upct,26.91081428527832,45.88880920410156,1.145488977432251,5.942854881286621,1.6089165210723877,4.412632465362549
2018-09-26,upct,,,,,,3.9642276763916016
2018-10-03,upct,24.82474708557129,45.96217346191406,0.5568775534629822,5.9684739112854,6.158875942230225,
2018-10-04,upct,,,,,,4.469242095947266
2018-10-10,upct,22.607418060302734,45.71091842651367,0.6029926538467407,4.980607986450195,7.553248405456543,4.630456924438477
2018-10-17,upct,22.055707931518555,45.69739532470703,0.5981231331825256,5.680863857269287,1.5899995565414429,
2018-10-18,upct,,,,,,4.777897357940674
2018-10-23,upct,,,,,,3.7569339275360094
2018-10-31,upct,17.4352970123291,45.00910186767578,0.9112295508384705,6.428171157836914,1.648360252380371,4.538962364196777
2018-11-07,upct,16.146028518676758,45.36663818359375,0.823750376701355,7.278636932373047,4.475433349609375,
2018-11-08,upct,,,,,,4.681429386138916
2018-11-16,upct,,,,,,4.147502422332764
2018-11-21,upct,16.402591705322266,44.24093246459961,1.3231040239334106,6.804739475250244,2.6364712715148926,3.5030338764190674
2018-11-28,upct,15.274772644042969,44.340267181396484,1.5425705909729004,7.464522361755371,7.103271961212158,
2018-11-30,upct,,,,,,4.745333194732666
2018-12-03,upct,,,,,,5.1647820472717285
2018-12-04,upct,14.654425621032715,44.28862380981445,1.0241590738296509,7.733640670776367,3.1116795539855957,
2018-12-11,upct,14.675862312316895,44.17814254760742,1.0285032987594604,7.6622467041015625,1.1771421432495117,
2018-12-12,upct,,,,,,4.87217378616333
2018-12-18,upct,,,,,,4.676155090332031
2018-12-19,upct,13.398909568786621,44.03243637084961,0.7378390431404114,7.615320682525635,2.1567375659942627,
2018-12-26,upct,13.245550155639648,43.63043975830078,0.5637472867965698,7.660845756530762,1.7814116477966309,
2019-01-03,upct,12.618582725524902,43.85154724121094,0.7031732201576233,7.710100173950195,1.8061939477920532,
2019-01-09,upct,12.070796966552734,43.71849060058594,0.4183168113231659,7.8986029624938965,1.6930136680603027,5.0190863609313965
2019-01-17,upct,11.405226707458496,43.42340850830078,0.2993133068084717,7.803473949432373,0.7747331857681274,5.383185386657715
2019-01-25,upct,11.183406829833984,43.47989273071289,0.2967059016227722,7.698217391967773,1.6591346263885498,5.367136001586914
2019-02-06,upct,11.115697181319558,43.65904165974741,0.3773549335113041,7.812150592279855,3.520825786129598,4.003414630889893
2019-02-12,upct,12.43949729693144,43.67294876835506,0.5713592150149844,7.837488061547331,2.301968583812284,
2019-02-14,upct,,,,,,4.9101409912109375
2019-02-20,upct,13.348593228212861,43.44592281653298,0.22924840971708033,7.631577807540672,1.0530592525409195,
2019-02-21,upct,,,,,,5.196868896484375
2019-02-26,upct,14.147721305850391,43.5441563856422,0.1970540691102364,7.661122343375487,1.1760371187435859,
2019-03-01,upct,,,,,,5.240960121154785
2019-03-05,upct,15.75199049930162,43.39079932391916,0.2894014883284154,7.547714702567292,1.079728141361851,
2019-03-07,upct,,,,,,3.711395740509033
2019-03-12,upct,16.621760170239394,43.58705902383068,0.30570323312631986,7.474261947320717,0.8548296565958396,
2019-03-14,upct,,,,,,4.994019985198975
2019-03-20,upct,,,,,,3.752058267593384
2019-03-25,upct,,,,,,4.966461658477783
2019-03-28,upct,15.689243211822898,43.457182089219174,0.3262872826587889,7.304088950444354,2.70924885159327,
2019-04-05,upct,,,,,,4.490927219390869
2019-04-12,upct,,,,,,4.627394199371338
2019-04-15,upct,17.854031805699417,43.49014440301019,0.2848717010003279,7.469948736640839,9.122205621194087,
2019-04-17,upct,,,,,,3.704792499542236
2019-04-24,upct,16.54033083864539,42.41276228582297,1.24469382132541,7.118244475890486,14.788930867911512,
2019-04-29,upct,,,,,,3.0003645420074463
2019-04-30,upct,19.303779913661373,42.271266785590555,0.8205332758954489,8.390298614889993,2.1128389381085553,
2019-05-06,upct,,,,,,3.323628664016724
2019-05-08,upct,21.16334134833728,42.69505083945105,0.808855128927089,7.17750031177082,1.5177259807490942,
2019-05-14,upct,,,,,,3.083120584487915
2019-05-15,upct,23.112580456025654,42.838697488701364,1.2016550144235145,6.9814249068623555,1.876475054484237,
2019-05-21,upct,22.81975255535568,42.93560989705234,2.043958548651695,6.35387424691718,1.8256744188835925,
2019-05-23,upct,,,,,,2.74210524559021
2019-05-28,upct,,,,,,2.429407835006714
2019-05-29,upct,23.31081743169044,42.801047614381474,2.5001357842564595,6.644132852636375,2.1197769245790017,
2019-06-04,upct,24.3448090649958,43.232164972737465,2.7696024783664757,7.141428335550976,1.56491724934575,
2019-06-07,upct,,,,,,2.279140949249268
2019-06-11,upct,,,,,,2.801304817199707
2019-06-18,upct,24.238223196605173,43.67737432752814,1.9623061440857703,6.494239126865396,1.6402005344871198,
2019-06-21,upct,,,,,,2.9958670139312744
2019-06-25,upct,26.48823164001841,43.82944626766692,2.1822886916638833,6.546045145547761,1.5009320731433355,
2019-06-26,upct,,,,,,2.5319199562072754
2019-07-03,upct,,,,,,2.854219436645508
2019-07-04,upct,28.18423908516624,43.932975024262774,2.129046646633619,6.334256597867963,1.422313728259915,
2019-07-10,upct,27.89992869006969,44.3495759015447,1.0419555858479714,5.824027381338052,1.7882482224179428,
2019-07-12,upct,,,,,,4.056586265563965
2019-07-16,upct,,,,,,3.861945390701294
2019-07-19,upct,29.012377038929074,43.972284696463326,1.4146429809609786,6.268521013893045,1.2592403988858893,
2019-07-25,upct,,,,,,3.233581781387329
2019-07-26,upct,28.464297682820806,44.41807357382173,1.3948379216481088,5.9079833646011135,2.1691498186056632,
2019-07-30,upct,28.5889539858567,44.766161344293195,1.427357509528562,6.073748658205196,1.7535165565395876,3.1166539192199707
2019-08-06,upct,28.955473715593172,44.845621283768516,1.5120827144619906,6.159413092530689,1.8841775779898993,
2019-08-08,upct,,,,,,3.180140495300293
2019-08-14,upct,28.864606252399003,45.21602216219546,2.950232521975034,5.400469600663869,3.80957040418832,2.3888680934906006
2019-08-20,upct,,,,,,2.528672218322754
2019-08-22,upct,28.86530848834252,45.127673077528115,3.4985509023569734,5.232376011993297,4.310720088940113,
2019-08-28,upct,,,,,,2.01855731010437
2019-08-29,upct,27.690094412063136,45.501300596040615,3.4530701259726317,5.034983149852109,4.9297971654181065,
2019-09-04,upct,28.328289209904952,45.58497092201835,3.2405541388073993,5.3213825628807605,3.3347270814734022,2.1055142879486084
2019-09-10,upct,26.74172405147499,45.7417615911449,4.491567348709393,5.577535499927659,3.5582234835788094,2.266913652420044
2019-09-17,upct,24.28398153053999,38.956619746380234,10.07775469077777,6.674041437878753,8.843447182056645,
2019-09-18,upct,24.024331969363274,39.32951028983604,14.240684851203321,7.0851470509090735,8.915041655949581,0.820827066898346
2019-09-19,upct,24.512965687329327,39.29558410713755,15.935638466877988,8.56655560074413,8.036223651181404,
2019-09-26,upct,25.10786784667186,39.19842818391897,2.5955724082353355,3.940533068944962,17.374074301741775,
2019-09-27,upct,25.884669293152452,39.44666654393324,3.328730932602224,4.3627643997919945,3.107006311546587,2.5440540313720703
2019-09-28,upct,25.560729264526746,39.34704908570646,2.966957195037337,4.835217113136824,3.930652238676761,
2019-10-01,upct,,,,,,2.460671186447144
2019-10-03,upct,25.040326873439028,39.482345191403454,4.542481655556908,4.407813403077904,4.841804939099574,
2019-10-07,upct,,,,,,1.8671108484268188
2019-10-14,upct,24.550634077855804,39.76685700587535,5.808754694170408,6.2970707203043395,5.758259532644241,
2019-10-15,upct,23.57578350687406,39.79308448429512,5.540553644100243,5.775741047933716,7.457083770622263,
2019-10-16,upct,22.88340244655145,39.887023175272205,6.597574489038023,5.891367836806224,6.217285877126184,1.0183265209197998
2019-10-21,upct,,,,,,1.264675498008728
2019-10-25,upct,19.730241290828207,40.00457749042424,13.823653902384356,6.367011084040238,6.39251702902303,
2019-10-29,upct,,,,,,1.0027395486831665
2019-10-30,upct,20.17119715918096,39.97992741561087,17.702674993780718,8.40856212792666,5.8673597593182745,
2019-11-04,upct,20.240375632048025,40.12024079317384,18.20649410979233,7.229595810900372,5.972941134596052,0.8493987321853638
2019-11-07,upct,18.787985441853454,40.00370585731195,17.499365041875524,6.836617394730726,6.306765874175876,
2019-11-14,upct,15.438460833490302,40.18777343601885,10.298092210574858,6.059652450016656,10.680243909637706,
2019-11-15,upct,,,,,,0.8349131941795349
2019-11-20,upct,13.736553939387942,40.40400731161505,6.82572887092624,6.890154651441993,7.983603942544046,
2019-11-21,upct,13.5758102724515,40.38173864058011,8.82207628407568,6.8872743772704,5.908284911144277,
2019-11-26,upct,13.882820971304078,40.24422292859733,5.735632554971847,7.444506690500078,5.008775930118011,1.0963722467422483
2019-11-27,upct,13.68592358950597,40.644946640390124,9.425967174688175,7.71916016493771,4.816059157175737,
2019-12-02,upct,14.426576695799657,40.441722952016384,6.9604649907760665,7.746549965890565,4.003080485930961,
2019-12-05,upct,13.423579014538898,39.198716254222674,7.72034256107915,6.903545746740027,12.434944502237013,0.7578223943710327
2019-12-07,upct,13.832422408537843,39.25190355649289,8.716636491116304,7.746370249263456,9.577964284061816,
2019-12-11,upct,13.589046920496846,39.35752227092877,7.388746466874138,8.595099023477387,5.606935906722581,1.157000184059143
2019-12-16,upct,13.349085569381714,39.29615435974148,4.38471068450927,8.1915038150606,5.288174183522828,
2019-12-19,upct,,,,,,1.7536406517028809
2019-12-26,upct,13.821841293510348,39.28852539735043,5.099602081071982,7.756984456852391,5.015549939583836,
2019-12-27,upct,,,,,,1.79238760471344
2020-01-03,upct,13.103856553497874,39.46303298844689,2.733193418293712,7.411122457724953,3.127096444594892,
2020-01-08,upct,12.64578069110484,39.32475810587746,2.061826074413426,7.320043208128251,2.2349286248688425,2.783740282058716
2020-01-13,upct,,,,,,3.067734479904175
2020-01-17,upct,11.854283271336554,39.44809092440568,1.4875221094876303,7.288928121024382,1.8854753915938525,
2020-01-23,upct,11.65766539961411,38.457043874324185,7.586754675397417,7.7278701451355705,10.064315014076586,
2020-01-29,upct,12.358433788033528,38.43422643010916,6.769419206921276,8.702977981057755,4.351572216148842,
2020-02-04,upct,13.899964924494485,38.55881616832183,1.9775660056351014,8.114357676757276,2.9408661485866348,2.972724914550781
2020-02-11,upct,14.52136792147326,38.60038836976105,2.3571168777976537,6.700885552181693,3.4805250521155524,
2020-02-12,upct,,,,,,2.7567622661590576
2020-02-17,upct,,,,,,2.6389472484588623
2020-02-20,upct,15.46132609272218,38.67531747449795,3.3403576562944193,7.094811449509808,2.115689538563532,
2020-02-25,upct,15.600282237770097,38.69999996242233,3.9678201234691803,7.459377523011167,2.7617718644724474,
2020-03-05,upct,16.46793359466208,38.85154346398989,10.502524803005455,8.082498441145452,4.800551164567023,
2020-03-11,upct,16.382126025701226,39.07760946109577,6.498998728261503,8.289936148011112,4.786463214507834,
2020-03-17,upct,17.110395969724514,39.06705420611461,4.6671119617559045,7.555942348787613,5.661933470289651,
2020-04-01,upct,15.9860576432247,37.87343392032876,4.120199033192488,7.558048775703168,6.525836052717468,
2020-04-07,upct,17.624550121312865,37.949749341961976,3.9241212055406005,7.596566268140969,2.970888275462209,
2020-04-14,upct,18.332803071600708,38.00517825001389,3.6255579319637503,6.740770764074071,3.812686606008492,
2020-04-21,upct,18.98236600854849,37.753303324875624,2.4269509906455426,6.947337330342473,4.281497846387013,
2020-04-28,upct,20.005023210190853,38.07173284279764,2.3338702989952074,7.212042105655916,4.342803851286563,
2020-05-05,upct,22.53572703565542,38.193233285840314,1.2187830325802755,6.706874926176322,2.5222936052691525,
2020-05-12,upct,22.564857352713112,38.40283363750585,1.0095073720263887,6.4454552355013135,2.368823728100004,
2020-05-13,upct,22.45041717554122,38.359469679939934,1.3803771563164768,6.627144769539964,2.4009322832694147,
2020-05-18,upct,22.37813919686039,38.56589335012582,0.7062509661814605,6.090385127829174,3.0675888698477993,
2020-05-20,upct,23.209203758747584,38.55423629941082,2.7611839117630446,7.2501610922623945,1.7800514478698644,2.7661356925964355
2020-05-25,upct,25.02044015870316,39.262139477618504,0.7130907891672444,5.880028516803827,3.1786806226330535,
2020-05-29,upct,,,,,,2.317150831222534
2020-06-01,upct,24.075899586929083,39.03869060658146,2.321054311871314,6.832457198557959,2.4894642915715863,
2020-06-02,upct,24.36772758396343,39.06993809096036,0.2702195435214836,6.0242395451203,1.4672376203898116,
2020-06-03,upct,,,,,,4.139537334442139
2020-06-10,upct,,,,,,4.183532238006592
2020-06-11,upct,24.7355679485528,38.91928051070184,0.22337851485963725,4.348400766207932,2.082853725830568,
2020-06-15,upct,24.879949428390542,39.89799361013813,1.4706439890401488,4.7995854781335785,1.8272367033024197,4.046221256256104
2020-06-23,upct,26.747639668733022,39.60857647985983,0.7105598370584532,6.1027561398189825,2.2922970015242323,
2020-06-25,upct,,,,,,3.8432631492614746
2020-06-26,upct,26.786894051201106,39.94524353522173,1.0114681644010985,6.720833276323828,2.263369537266759,
2020-06-29,upct,,,,,,3.8255770206451416
2020-07-02,upct,28.36868661464913,39.926965585228466,1.0629182559938706,6.789352816148616,1.4392794593149258,
2020-07-07,upct,28.85108909842055,40.10033223653017,1.0962140858271276,6.81547922904124,1.1215566242968038,4.400846481323242
2020-07-13,upct,,,,,,3.91787338256836
2020-07-17,upct,27.92415702240793,40.41877555715882,0.7417603609329941,6.077314320620454,1.1628212062791603,
2020-07-23,upct,28.193379487839756,40.30299592076311,2.1712240098623745,5.602724996500249,2.9596191412462964,3.478264570236206
2020-07-28,upct,29.103062896076263,40.603789602156375,2.1149748095721668,6.025678420097044,1.5479643603495234,3.746986627578736
2020-08-03,upct,,,,,,3.560243844985962
2020-08-04,upct,30.12596558556301,41.048542335345076,1.4484148704751698,5.697938553636941,1.0050522710661796,
2020-08-10,upct,,,,,,4.884644985198975
2020-08-13,upct,29.35076806715482,41.51521209778024,0.9409653419423688,5.4218955409817,0.8800144387688857,
2020-08-18,upct,,,,,,5.114475250244141
2020-08-19,upct,28.928263298285543,41.73430720736809,1.0663636699076453,5.465658260330928,0.6341856366165726,
2020-08-25,upct,,,,,,4.5942816734313965
2020-08-26,upct,29.89113731857504,41.9013699685876,1.0426591355796593,5.743635667399048,0.7861262913731497,
2020-09-03,upct,27.655746160852367,42.02708962652756,1.785999710134412,5.66134256941678,1.330044392019656,4.984833240509033
2020-09-10,upct,26.225297347691143,42.34023799616362,0.8784586443213727,5.916321272892854,0.687419162029105,4.901570796966553
2020-09-16,upct,26.83847158504632,42.37065670826089,1.4547265811147472,6.480778083198696,1.3200234814014755,
2020-09-23,upct,,,,,,4.991998195648193
2020-09-24,upct,26.03594744006308,42.60419074346706,0.91907525631926,6.3027847051941235,0.5974392625606747,
2020-09-30,upct,23.498295123582636,42.652259165306326,1.2331205190523435,6.581339057015803,0.8486936902763357,4.893577098846436
2020-10-08,upct,21.93067456568804,42.591036340350556,0.851953194422758,6.940179038466265,0.5918703560318191,
2020-10-09,upct,,,,,,5.016847610473633
2020-10-13,upct,,,,,,4.884823799133301
2020-10-14,upct,21.065528479753883,42.65292780283403,0.8926727808703652,6.336414382720455,0.8671939773907306,
2020-10-20,upct,,,,,,4.851046562194824
2020-10-22,upct,20.626512215392744,42.446889400780556,1.9468115590297477,7.245813288305095,1.126390188284147,
2020-10-29,upct,18.923154670674037,42.89771856147814,1.132589980884715,7.30030731515274,0.917479268041298,4.863119602203369
2020-11-03,upct,,,,,,4.468081474304199
2020-11-04,upct,19.317497638190734,42.808409322151796,2.604817453092671,7.428689704308499,1.183206032370164,
2020-11-11,upct,,,,,,4.231912612915039
2020-11-12,upct,19.14456849749862,42.73723853308017,1.5353183407200963,7.1406814897808575,0.9087529247083572,
2020-11-18,upct,19.657266567439805,42.76840374474382,1.487098444835722,7.313245497819711,1.8748909317773321,4.97172212600708
2020-11-24,upct,,,,,,4.451953887939453
2020-11-25,upct,17.477881891692686,42.15657059026372,1.7087124348543203,7.912221368961001,0.899233144715112,
2020-11-30,upct,,,,,,5.18166971206665
2020-12-03,upct,15.844224838185285,42.14377388420962,0.8984868160217784,7.3570033722001105,0.7176623334154756,
2020-12-10,upct,12.330409374577808,42.61300872543504,1.5916673121653933,7.572569271935725,1.1218043087434597,
2020-12-14,upct,,,,,,4.731125354766846
2020-12-15,upct,13.308203448335338,42.60209326024691,1.4897906393389437,7.962850873390192,0.9612732396316135,
2020-12-21,upct,13.418732145306882,42.26443179907947,1.1018078325393352,8.412406483521398,0.7544760037768814,
2020-12-22,upct,,,,,,4.983095645904541
2020-12-29,upct,11.738222927252302,42.17871894884763,1.0536068776826033,8.038398673291812,1.3328478015071132,
2021-01-04,upct,,,,,,5.122016906738281
2021-01-05,upct,9.750804456868718,42.22757959953648,0.5997904174271793,7.303559542649619,0.9479470608616403,
2021-01-13,upct,9.46124645760477,42.02796213457234,1.271584607598997,8.075559312780632,1.70163794075641,4.343513488769531
2021-01-18,upct,,,,,,5.143219470977783
2021-01-20,upct,10.348337717083426,41.58105006139483,1.5013433852982492,8.337703793698278,0.817392329915508,
2021-01-27,upct,12.332708995494874,41.682566176785016,2.4706366665018367,8.243854348124374,1.140040841782402,3.4269356727600098
2021-02-01,upct,,,,,,3.3626368045806885
2021-02-03,upct,13.533531123911079,41.47201635795633,2.902302228459572,8.508794845717025,1.2728277640356611,
2021-02-11,upct,,,,,,4.82120418548584
2021-02-12,upct,14.204811501947573,41.48184640019224,1.2488789293164515,7.6365708762732165,1.0629198218166955,
2021-02-16,upct,,,,,,5.322078227996826
2021-02-17,upct,14.608444702311232,41.57593269248486,0.5788415072668911,7.788251422991346,0.9212079709677049,
2021-02-23,upct,,,,,,5.211194038391113
2021-02-24,upct,14.941734308064428,41.440443829939305,0.524269935172444,7.450993359391005,1.8593377347235025,
2021-03-05,upct,14.806842076704564,41.58852051280257,0.5829420259764246,7.271073399508494,1.0246054666693425,4.2867751121521
2021-03-10,upct,15.00766714197637,41.07530309225858,0.9298570870536808,7.241152973795599,0.8919445817097653,
2021-03-11,upct,,,,,,4.321878433227539
2021-03-15,upct,16.59106018986185,41.19454943651133,0.5661827653828759,8.552735671648119,1.2436746591435577,
2021-03-17,upct,,,,,,5.180715560913086
2021-03-24,upct,15.386116604334749,40.78563451701325,0.6886690578538653,8.058588178466925,0.7264512732753743,
2021-04-06,upct,18.093951003138677,41.039089444656184,0.5587772688363417,7.817496813812734,0.5556330208270748,
2021-04-13,upct,17.66943806377387,41.149107247820396,0.5665796978016745,7.425790835641649,0.9169826875654086,
2021-04-20,upct,17.910661236215358,40.99544724253822,0.7209814851552292,7.919875264786919,0.6337017030178285,
2021-04-27,upct,18.302458837463323,40.748874962564834,0.6001615129233127,6.959079505409841,0.9976882365220496,
2021-05-06,upct,20.863426927033984,41.071833864155586,0.6275681201222878,7.368075995371105,0.5724386979575379,
2021-05-13,upct,21.98727126482856,41.17134477390857,0.7417719873672729,6.847936351267881,0.5925620974028226,
2021-05-20,upct,23.445138802196286,41.500506699081505,0.575660627969945,6.406586085309986,0.6288704707227635,
2021-05-25,upct,22.825879185871536,41.21650158625715,0.6810848403366093,6.156888740571149,0.7256532784070475,
2021-06-02,upct,23.23737668166075,40.94140984342047,0.9097746210962424,7.146163622038467,0.6137252874526954,
2021-06-08,upct,24.96858492107044,41.179513918354665,0.7544956589451572,6.512307949854177,0.7016547708705687,
2021-06-14,upct,25.54287995601967,41.25226581237632,0.5896059991999892,5.913619109120494,1.2801030918517478,
2021-06-22,upct,25.865999579287898,41.32636128473876,0.49875924099549,6.100079140145052,0.6711299913100305,
2021-07-01,upct,27.257426270569724,41.66703815300871,0.7655886725832786,6.355279637534794,0.7825080991406957,
2021-07-06,upct,28.825722652370494,41.991224646844294,0.5963822582016294,5.9880464360417225,0.6060803359512935,
2021-07-14,upct,28.119889956542274,42.399321173809994,0.7941846273402164,5.312054926998423,0.7871338040010585,
2021-07-20,upct,28.564961776544823,42.2269309467103,1.0755845292792634,4.875956050339706,0.8599909446934467,
2021-07-27,upct,28.94955373295227,42.40460784079755,1.581151186002132,4.373108181428062,1.1847324519121025,
2021-08-03,upct,28.646155656916978,42.662325560692274,3.2509207630235726,4.701420859906627,1.8883438187805135,
2021-08-09,upct,28.922466643767695,42.27339792728991,3.107740687263965,4.6195410948325275,2.8130258209025913,
2021-08-13,upct,28.593749624491856,42.90088739995477,3.9061821760710798,4.778796693362474,2.2457640282000124,1.677006721496582
2021-08-16,upct,29.805870961713282,42.95419795706651,3.1294792665300464,4.4595148781461695,2.042020514624796,
2021-08-19,upct,29.53423558322235,43.284487278945875,3.42053085230484,3.9453262414821055,2.6375268706945296,
2021-08-24,upct,28.599952195166765,43.22606915018077,4.934322033790554,4.233835392791211,2.7396765232559854,
2021-08-26,upct,28.343060170848517,43.421251878326046,5.93375055501132,5.477773762267326,2.5562324164530024,
2021-08-30,upct,29.149057306057895,43.33415607257015,3.4164569973139067,5.484135291599566,2.065279280951116,
2021-09-02,upct,27.94741290620119,43.38533902286133,3.445386877421337,4.626459626402263,2.682678077586951,
2021-09-13,upct,28.00794901781301,43.668338059498815,4.006738942929661,4.7252449650846815,1.961055139504897,
2021-09-20,upct,26.599310529581874,43.75497744508742,7.072994853243372,5.582378982811352,1.827696259764831,
2021-09-27,upct,25.08478264292163,43.677212666035985,4.9883733457240504,4.525448613328008,3.001599699587936,
2021-09-30,upct,25.3948716779397,43.71809284072832,6.671131771641545,5.785556699076639,2.3178962888284107,
2021-10-07,upct,23.554661786926978,43.777911523444565,5.207724366859921,5.813478121914304,1.5965707905501487,1.6196422576904297
2021-10-11,upct,23.42304871361438,43.64230747979586,4.044868394354861,5.811869597593137,2.3495553556989255,1.6196422576904297
2021-10-18,upct,22.775899596823283,43.76742939605603,1.8480907360390562,5.334748871441247,1.6058642518725068,2.387272834777832
2021-10-28,upct,20.62234737971393,43.42816938299775,2.34836248091537,6.126256934455992,1.6946434064784397,2.3838584423065186
2021-11-04,upct,19.63508237253388,43.43422280685093,2.4388789777564663,6.313848616829818,1.5380338855133446,3.059770107269287
2021-11-11,upct,16.36796939350638,43.36206931995067,1.4058009952014896,6.701458053905222,0.8637201231383042,
2021-11-18,upct,16.13213828323735,42.588154698259636,2.0022604238154798,7.109391178493095,1.3523545131772317,3.35
2021-11-25,upct,,,,,,3.633333333333333
2021-11-26,upct,15.379410769418605,42.92181604566909,1.7703506269313014,7.182304199694782,3.0229659402642137,
2021-12-01,upct,13.021063042264371,42.801586519768506,1.1171251175967913,7.142337441429478,1.7524499981131794,3.616666666666666
2021-12-10,upct,12.50280507724117,42.815279533087136,1.000417114917708,7.461754294627376,1.2814557822717823,4.541666666666667
2021-12-15,upct,12.972942734568775,42.74958157988426,0.9844337751827008,7.43603214280834,0.9132733084098242,4.541666666666666
2021-12-21,upct,13.042802391097897,42.573268818412195,1.3595853877740214,7.377611179904103,2.06772635399039,3.766666666666666
2021-12-28,upct,13.998018572009869,42.56689177662848,0.7964188785696743,6.988730501023858,0.5785895845686179,4.641666666666667
2022-01-04,upct,13.801775619470613,42.35728664886339,0.9089789532118967,7.010461883633764,0.7201867713266159,
2022-01-12,upct,12.61322746192713,42.04364515692098,0.5931455292273633,7.090966076171634,0.6253100331485977,4.5666666666666655
2022-01-19,upct,11.927152578183687,42.32930444222458,0.667751529565684,7.616477686706454,0.5571367157715735,4.516666666666668
2022-01-27,upct,12.1683394446942,42.11118570584602,0.7733921121889126,7.346777463271094,1.1780905044491652,3.783333333333333
2022-02-02,upct,12.179341700421533,42.3796884053849,0.605908821350387,7.340386965062813,0.6782721037569042,4.425
2022-02-10,upct,13.423744388817473,41.985181521342966,1.5419518881739136,7.399588930762372,0.9391852210908541,4.15
2022-02-16,upct,13.417865611287844,42.049284443480225,0.7051726336556783,7.349174757082407,0.8375565937564735,4.366666666666667
2022-02-24,upct,14.49981500110939,42.03366639943663,0.535752681061191,7.177775519503333,0.8662894493597572,4.366666666666666
2022-03-02,upct,14.506048871156354,41.779278693453676,0.40682150385314625,7.293076697478463,1.216369022898728,4.166666666666666
2022-03-11,upct,15.193050682757303,41.840362217091965,0.6220482649355429,7.210780797184621,0.92427052215333,4.0
2022-03-24,upct,15.213498756551495,40.42725297925947,1.0825052500576737,7.036461451218324,11.011732175609438,1.5749999999999995
2022-03-28,upct,15.106217695106054,40.45365288710983,0.9945435935899352,7.089143485261639,4.729247688446364,1.7916666666666667
2022-04-06,upct,12.55635327893319,39.7082531042059,1.7951014281676132,7.133307191071063,6.467619877831467,0.875
2022-04-11,upct,15.685859964775744,39.53668457261836,1.8094273326619756,7.6754409824233125,5.696221563121525,1.375
2022-04-19,upct,18.746533283788388,39.510944276762785,1.3714386822349103,7.9209965013396975,1.314930220854352,2.9666666666666663
2022-04-22,upct,17.88704576082637,39.44637189195792,2.1803800102972963,7.2679114521881285,1.8528534236318348,2.658333333333333
2022-04-27,upct,18.313845756153732,39.44947610693024,1.2794259356912046,7.426380875378271,1.4963291877591933,3.466666666666667
2022-05-06,upct,19.314912227283067,39.23773151473135,1.0640214447282899,7.132842075163831,2.045669745406364,3.075
2022-05-13,upct,22.015520947812444,39.327751572353954,1.4310957398622917,7.6227899177334315,2.71228694911426,3.2166666666666663
2022-05-18,upct,24.206143136660316,39.5260172993659,1.6766401464535432,8.584372694180834,0.9652245093512795,3.233333333333333
2022-05-26,upct,24.676496989735526,39.86260728148001,0.6718521913398503,6.843365151781768,0.8560718443415097,3.7
2022-06-02,upct,25.466666170178364,39.621973611320726,0.7027349702298956,7.09003464115717,0.9962111747429111,3.974999999999999
2022-06-10,upct,27.025173972689995,40.274823824713806,0.5751703231759856,7.072788945340773,1.3528950765354657,3.666666666666666
2022-06-17,upct,27.794118867455463,40.650072397767104,0.6311892485426138,6.67308053918643,1.1964457948256602,
2022-06-24,upct,26.725660457068635,40.86545751712609,0.4295900874342639,5.984329041051861,1.1896404021397506,3.8333333333333335
2022-06-30,upct,27.521873242251903,41.005446973338415,0.5143142007777346,6.872367983110616,0.8820348470268238,3.625
2022-07-06,upct,28.098641226284347,41.253257330752504,0.6493342386669786,6.216853993486593,1.455126033655817,
2022-07-11,imida,29.65,41.55,0.095,5.61,0.345,
2022-07-14,upct,29.462988770848767,41.65202001949162,0.5437698985541639,6.692867087925132,0.8831966930576516,
2022-07-20,upct,29.784550379993664,41.305152869613934,0.5594949591862154,6.269361058104494,1.0407273376167347,3.9500000000000006
2022-07-28,upct,31.02031546245938,41.71874860902355,0.7212051666731827,4.660202558768772,0.8598823091118369,3.883333333333333
2022-08-03,upct,30.816214396056807,42.015083155892505,0.6105784327692724,5.482088865218447,0.9843111021300723,3.266666666666667
2022-08-08,imida,30.64,42.455,0.38,4.275,0.705,
2022-08-11,upct,30.050552088375436,42.28318748204985,0.5249065721671993,5.124411088067101,1.2428245974119587,3.341666666666667
2022-08-17,upct,29.19605941847354,42.572897909400865,0.6841874248394494,5.320850065608442,1.3577175154254841,3.666666666666666
2022-08-24,upct,29.3923152135181,42.7415023341166,0.5438375517313097,5.874609516060223,1.1090000163645968,3.758333333333333
2022-08-30,imida,29.16,43.025000000000006,1.015,4.890000000000001,0.585,
2022-09-01,upct,29.23259018613418,43.81135863707604,0.7221397852989954,5.4898395155138715,1.3539399473044034,4.35
2022-09-07,upct,28.303556539472147,43.60349320673121,0.7072673610042911,5.60855494321836,1.5044387871066116,3.991666666666667
2022-09-12,imida,28.325000000000003,43.5,0.595,6.140000000000001,0.525,
2022-09-15,upct,27.804003968181245,43.42266516130205,0.5748852961134888,4.994785064007924,1.149611647066485,3.5666666666666664
2022-09-20,imida,26.675,43.58,0.71,4.949999999999999,0.515,
2022-09-21,upct,26.57959913665903,43.430333869641196,0.677815602153589,5.35430668540871,1.4254316380494754,3.516666666666666
2022-09-27,imida,25.25,43.195,2.5149999999999997,5.58,2.3449999999999998,
2022-09-29,upct,24.432822259270154,43.055499304087604,1.83756642481781,5.703515092099193,1.8098038853496778,3.375
2022-10-04,imida,23.729999999999997,43.405,0.835,5.54,0.525,
2022-10-05,upct,23.46995882082102,43.045271157368006,1.3757998624669323,5.924416785935841,1.6051270915174112,3.4
2022-10-10,imida,23.45,42.010000000000005,6.765,6.23,8.43,
2022-10-11,upct,23.16038446308234,42.37629877668352,1.8727916333834653,6.254530299437911,1.3393109742696832,3.233333333333334
2022-10-18,upct,23.270313473161355,42.14989138762484,1.1402185454093514,6.192574215712203,1.0788388378837004,3.816666666666667
2022-10-19,imida,23.27,42.695,1.2999999999999998,5.885,0.41500000000000004,
2022-10-26,upct,23.474187548128775,42.130648698401565,1.1970429654438817,6.243300720405,1.103877374012472,3.533333333333333
2022-11-02,imida,23.065,42.349999999999994,1.1600000000000001,5.58,0.685,
2022-11-02,upct,23.0583525885107,42.22880374626659,0.9223645228870886,6.171199776209398,1.0558857504094499,3.85
2022-11-08,imida,21.195,42.54,2.185,6.155,0.835,
2022-11-09,upct,20.863053172261715,42.37552524038164,2.519005161262235,6.94083301752002,0.9929217619160703,3.633333333333333
2022-11-14,imida,20.15,42.485,1.94,6.545,0.5,
2022-11-17,upct,20.05849040081978,42.282993188348044,0.8057281742250414,6.200716337959382,0.7136658077995333,4.05
2022-11-24,upct,17.258688138249028,42.13467008618029,1.0222786531291959,7.129169974668879,0.9298455824022185,4.166666666666667
2022-12-01,upct,15.569854830055972,42.25131877409592,1.3753597951244092,7.348632408466964,0.8224468583006949,4.116666666666666
2022-12-07,upct,15.230866866053274,41.48777773451741,1.4933652632903527,6.703138537874181,0.7879993745426713,3.8333333333333335
2022-12-16,upct,15.562013146240401,41.32826134060659,1.3970237641211993,6.802740722583237,1.104080901557146,3.516666666666666
2022-12-19,imida,15.415,41.65,1.8399999999999999,6.66,0.62,
2022-12-20,upct,15.20141548830982,41.21687057055428,1.609490444754213,7.532034852486678,1.0591780649108,3.758333333333333
2022-12-27,upct,15.308882050032043,40.60429200892767,1.0472321087292504,7.968726881968722,0.9047510264069915,4.241666666666666
2022-12-28,imida,15.11,41.510000000000005,1.46,7.290000000000001,0.5,
2023-01-03,upct,14.605052701232356,40.283938386146225,0.8122740971000717,8.2399052883946,0.8846378156246405,4.216666666666667
2023-01-05,imida,14.565000000000001,41.355,1.02,7.435,0.44,
2023-01-10,upct,14.370351913075119,41.03675653489747,1.1363907713620436,8.05370256310522,0.8088125061447975,4.366666666666666
2023-01-12,imida,14.280000000000001,41.175,1.795,7.255,0.405,
2023-01-20,upct,12.441916081090943,41.585391320675605,0.8071479077627685,6.106388384779227,0.8268979790525922,4.2250000000000005
2023-01-25,upct,10.264332531077507,41.22740419235764,0.8403596877939866,7.22983627805393,0.762086295360055,3.9583333333333335
2023-01-27,imida,10.274999999999999,41.519999999999996,0.855,7.9399999999999995,0.45499999999999996,
2023-02-01,imida,10.215,41.57,0.665,7.59,0.5,
2023-02-01,upct,10.397148287950488,40.76609993443442,0.44187166623317364,7.945898598715627,0.6622749231177588,4.608333333333333
2023-02-08,upct,11.153381976188554,40.935889590048355,0.5769282006959031,7.910274294028256,2.0635554787101515,3.6666666666666665
2023-02-14,upct,11.479106788887085,41.23720319124435,0.632691196636215,7.832377322362679,1.9767411157005332,3.775
2023-02-23,imida,13.39,41.07,0.635,7.43,0.595,
2023-02-23,upct,13.791185768052966,41.1709059078593,0.6135109977422653,7.955813429907023,1.1896685644679807,4.416666666666667
2023-03-01,upct,11.916785364760885,41.00220194149954,0.3006231773559056,7.7964208998449465,1.269612506774634,3.85
2023-03-06,imida,12.43,41.370000000000005,0.635,7.234999999999999,0.525,
2023-03-08,upct,13.547864539297581,40.98819934345367,0.3531497603141419,8.123557971290067,0.6410481079959018,4.249999999999999
2023-03-16,imida,16.259999999999998,41.25,0.59,7.265000000000001,0.37,
2023-03-16,upct,16.416026314950006,40.68528278255469,0.3389040580725846,7.723744232598924,1.0680228584799891,4.55
2023-03-21,imida,17.0,41.345,0.62,7.77,0.355,
2023-03-22,upct,17.537493513266156,41.18389436018705,0.4547536292215188,8.116346428711493,1.169032369192644,4.141666666666667
2023-03-29,upct,18.9692304938198,41.08567242320716,0.32021587173766886,7.71182964834028,0.8870073700683037,
2023-04-04,upct,18.716952414918726,41.30195330421749,0.44744749319420923,7.469105551325032,0.8351420272709923,4.358333333333333
2023-04-11,upct,19.72759334016567,41.618284516680355,0.35582450429580426,7.566060625673586,0.540642442164968,4.091666666666667
2023-04-20,upct,19.76498595974963,41.913428315650265,0.4073509106301947,6.709888718534147,0.8278421817356597,4.108333333333333
2023-04-27,upct,21.831276656912813,41.88913893760813,0.3382817836656738,6.720971072598845,0.724450530418058,4.166666666666666
2023-05-04,upct,23.113655928265697,42.044381946595706,0.465846278692971,6.51635443926693,0.9061449595932806,4.341666666666666
2023-05-11,upct,23.750043602865784,41.929393221593365,0.3024853005991068,6.231311336114017,1.4084013813599854,4.108333333333333
2023-05-18,upct,22.326090900406104,42.59768311907715,0.3266335647920583,6.654051110216497,1.4010697895360138,4.033333333333333
2023-05-25,upct,21.151578472967657,41.908474043697,0.41411042877475673,6.250361051896466,0.9451049762580367,4.025
2023-05-31,upct,22.77511585296584,42.06588174768506,0.3433326201893491,6.316333634952872,0.9917871412422334,4.3
2023-06-05,upct,23.97884617434538,42.094069239806934,0.41342929147343127,6.171702039490936,0.9584680942130875,4.2250000000000005
2023-06-06,imida,23.985,42.165000000000006,0.59,6.01,0.765,
2023-06-13,upct,25.57635880689225,41.84788389676176,0.6796135932399041,5.962613976963634,0.8199667770723152,3.925
2023-06-21,upct,27.188408949312343,42.209801427668005,0.5531498140190889,5.929175191316174,1.0072907837872893,4.116666666666666
2023-06-28,upct,28.58188364838608,42.43573471324389,0.4210743305045084,5.775157108767729,1.1684123783508078,4.1083333333333325
2023-07-05,upct,29.529901464996495,42.55739428106234,0.35212951884471827,5.936791710199832,0.958697390334928,4.316666666666667
2023-07-12,upct,30.354581588842745,42.59699944236626,0.4674406368912225,6.096343225922873,1.076979305620882,4.166666666666667
2023-07-19,upct,30.894342190795186,43.13470307250441,0.47994786734306316,5.283406297449743,1.0257694760051799,4.075
2023-07-26,upct,30.61320168432996,43.16025382327717,0.3681484200323779,5.6758031973171335,0.562400733269788,4.15
2023-08-01,upct,31.080390617819248,43.00146986863676,0.44870302696374836,5.812069803972387,0.9601189110525902,4.3
2023-08-10,upct,29.484947483990577,43.4093606535719,0.6238128975796371,4.058016813657891,0.6392548552583259,3.9083333333333337
2023-08-17,upct,30.30105477856065,43.19923070640605,0.4711158757758762,4.761313012138444,1.2476795030681742,3.1916666666666664
2023-08-24,upct,30.430729227276096,43.11301531059767,0.4928403821371602,4.711967496076101,0.8476474869237103,4.083333333333333
2023-08-30,upct,27.852345142963642,44.104982174723624,0.470097732872114,4.523532448011647,0.8607902919183245,4.2
2023-09-07,upct,27.349844189402113,43.91486242845236,0.693201036587984,4.634156511327619,1.3885665514424532,3.6
2023-09-13,upct,27.560950417548753,43.54695706943063,0.8018335399857521,4.702715864200018,1.6438016387367624,3.991666666666667
2023-09-21,upct,26.59507015459932,43.991659530090395,0.8790338976406082,5.073574691089639,2.1659285292964756,4.05
2023-09-27,upct,25.71166570181692,44.33935958277962,0.5504505679478842,5.977127784972092,1.3519749867990165,4.166666666666666
2023-10-05,upct,25.815707812149036,44.19393710894352,0.7000589742223903,5.934001012555903,1.4977359453066919,4.025
2023-10-11,upct,25.36551027154454,43.52559860715967,0.7919737731879505,5.491767798971827,2.202336644794258,3.841666666666667
2023-10-17,upct,24.55015889211289,44.09916998332884,0.8091153263498845,4.958275503425154,1.4246925711151575,3.475
2023-10-25,upct,21.018928963761628,44.45660030014576,1.4771062342516341,5.6513123215829975,2.1226248578331335,2.85
2023-10-31,upct,20.093360719480277,44.523918374624145,1.1822323484536137,5.675176002633012,1.8841508150297508,3.225
2023-11-08,upct,17.62188734828318,43.97852911348524,0.9802529815298112,6.778557567567045,2.7001875513653357,3.866666666666666
2023-11-16,upct,17.562495753639936,44.32900630117142,0.6255141872149169,7.166125698274892,0.8436779559798285,4.191666666666666
2023-11-24,upct,16.396176214645116,44.74587692470561,0.5789259526654579,7.251295993760891,0.7403855986115456,3.975
2023-11-28,imida,15.43,44.705,3.92,6.28,5.265,
2023-11-29,upct,16.144369698571857,44.456840999851046,0.6221534479296399,7.269509914856621,0.5807942146950897,4.616666666666666
2023-12-04,imida,14.69,44.77,2.0949999999999998,6.555,4.135,
2023-12-07,upct,14.622605668678652,43.89418041535264,0.7970536971988895,7.054008155719903,0.6246703729332445,4.483333333333333
2023-12-13,upct,14.899582079008727,43.86968017428578,0.8434503162703723,7.2089798609374665,0.7182824519735967,4.566666666666667
2023-12-19,imida,11.865,42.695,2.835,9.399999999999999,3.13,
2023-12-19,upct,13.217669363232504,43.79251112355196,0.6142357119840618,7.568301867785274,0.5764736518894843,4.708333333333333
2023-12-26,imida,10.805,43.08,1.3599999999999999,7.720000000000001,2.115,
2023-12-27,upct,12.54446008930322,43.58345798583496,0.5880764015905261,7.710910220459774,0.4387801239218855,4.725
2024-01-03,imida,12.67,44.06,2.275,7.88,0.9,
2024-01-03,upct,12.549188181281455,43.98089858562297,0.7934456497093262,7.924754582614492,0.5307575618466142,4.6
2024-01-09,imida,11.535,44.004999999999995,1.48,6.92,2.845,
2024-01-09,upct,11.428418471222265,44.066405181122114,0.6992878652619547,7.591921199375843,0.6361992418352023,4.616666666666666
2024-01-16,imida,12.184999999999999,43.84,1.92,6.54,3.685,
2024-01-16,upct,12.29389882095167,43.9121912026553,0.41345255968987465,7.44306396896867,0.4116001560546047,4.691666666666666
2024-01-23,imida,12.695,43.3,2.7,6.869999999999999,4.86,
2024-01-23,upct,13.256911948083616,42.59280697919424,0.695789256103243,7.2222668212649594,1.5071218447746577,4.458333333333333
2024-02-01,imida,13.91,42.8,1.345,6.74,2.305,
2024-02-01,upct,13.908418521051017,43.40902195844489,0.5256597197779359,7.378596942133558,0.9755160439875533,4.741666666666666
2024-02-06,imida,13.655000000000001,42.665000000000006,0.985,7.2700000000000005,3.415,
2024-02-06,upct,14.142304884299088,43.42447143179567,0.6241642281942806,7.592139249886763,0.5349375278244914,4.525
2024-02-13,imida,14.02,43.475,1.505,6.029999999999999,4.16,
2024-02-13,upct,14.18089041737649,43.33962522810104,0.45802929155222427,7.105086397279168,0.8854164681063236,4.25
2024-02-19,imida,15.0,42.465,0.93,7.19,3.475,
2024-02-20,upct,15.404827824239252,43.409921382710465,0.3614586544131693,7.486071597928585,0.38306244771040343,4.4750000000000005
2024-03-02,imida,13.5,43.724999999999994,0.83,7.255,1.72,
2024-03-06,imida,13.785,43.519999999999996,1.9849999999999999,7.115,7.02,
2024-03-07,upct,14.424544046425073,43.72691945416199,0.5381339974963067,7.2227176656472984,1.258144009515029,4.378260869565217
2024-03-13,imida,14.535,42.855000000000004,1.1600000000000001,6.824999999999999,6.0649999999999995,
2024-03-13,upct,14.831146109313767,43.41225632615087,0.25774641266605147,7.297668328464095,0.5721913315590036,4.566666666666667
2024-03-18,imida,16.91,43.04,1.145,6.91,7.635,
2024-03-20,upct,17.669923811112227,43.17614995358353,0.4275749625000462,7.234009166621989,0.7646955203510414,4.108333333333333
2024-03-26,upct,17.22171721726378,43.21440363983571,0.5097110373707755,6.319570646075058,1.2427328199347978,4.0
2024-04-02,upct,16.28953415805501,43.284648216693455,0.42631053144821923,6.84874014120124,1.0879287346641364,4.433333333333333
2024-04-03,imida,16.625,43.105000000000004,1.19,6.605,6.675,
2024-04-10,imida,18.46,39.67,1.13,7.375,6.0249999999999995,
2024-04-10,upct,18.654056408790062,43.250898667401096,0.3125569768580768,7.181817884234387,1.033729990401314,4.308333333333334
2024-04-15,imida,20.08,42.730000000000004,1.45,6.805,6.235,
2024-04-16,upct,20.206039759999527,43.17298999807502,0.4050335296339423,7.345010987748999,0.6288210653182369,4.4750000000000005
2024-04-22,imida,19.68,43.155,3.9,5.470000000000001,10.125,
2024-04-24,upct,19.6412031576098,43.509174689819304,0.4768708985786999,6.2185388975310225,0.7816302183017677,4.341666666666667
2024-04-29,upct,18.996086724745407,42.642721499170996,0.8189286362289111,5.780563693303622,0.7447872762231164,4.616666666666666
2024-04-30,imida,19.090000000000003,43.269999999999996,1.64,6.140000000000001,9.745,
2024-05-06,imida,20.215,30.0,2.2350000000000003,7.305000000000001,5.95,
2024-05-10,upct,21.64996320177442,43.61041405773694,0.32728136109495787,6.457141307997961,0.5096023989726304,4.391666666666667
2024-05-13,imida,22.235,42.525,1.34,5.975,3.0349999999999997,
2024-05-15,upct,22.46870113165072,43.25837105208647,0.4688929654695138,6.3245154907859895,1.9422086978963744,4.375
2024-05-22,upct,23.309800739260282,43.647303667110855,0.45245717598655544,6.2443990871094845,0.5903477072965184,4.316666666666667
2024-05-29,upct,24.439307464839267,43.43824269074715,0.3331517659104518,5.901737941755952,0.6230258226913784,4.166666666666666
2024-06-05,upct,24.994100237465585,43.91184094417499,0.4206128057777065,5.6220719601818425,1.346930277206325,4.291666666666667
2024-06-10,upct,25.106752427481688,43.734957128865766,0.45510462673472474,5.367390810113684,1.2371073025345758,4.308333333333334
2024-06-18,upct,26.398364126201148,43.678585504233844,0.36423529458666853,5.470147851120507,0.9771577398223584,4.275
2024-06-25,imida,27.015,44.14,1.355,6.2,12.955,
2024-06-25,upct,26.74750931996531,43.8708478541094,0.4991573809205089,5.280281140618393,0.89677228468154,3.9416666666666655
2024-07-01,imida,27.11,44.045,1.44,5.385,7.25,
2024-07-03,upct,27.523151354544765,43.88985766944386,0.42677247641316385,5.446495233269256,0.758192335690306,4.05
2024-07-09,imida,28.205,44.075,0.86,5.87,10.625,
2024-07-09,upct,28.01059929538777,43.81654598369638,0.5144643823813008,5.435681207411937,1.045807671709569,3.5583333333333336
2024-07-15,imida,29.62,44.11,0.81,5.835,11.105,
2024-07-18,upct,29.458599356758782,44.56471699175254,0.4505374517240967,4.771133726563541,1.4968437897045228,4.008333333333334
2024-07-22,imida,29.855,44.519999999999996,1.41,5.23,10.434999999999999,
2024-07-31,imida,29.015,44.725,1.395,5.494999999999999,7.765,
2024-09-03,imida,28.92,45.28,1.4649999999999999,6.045,7.865,
2024-09-19,imida,25.75,45.94,1.125,6.38,0.8600000000000001,
2024-09-24,imida,25.515,45.245000000000005,0.93,6.965,0.8600000000000001,
2024-10-01,imida,24.415,45.735,1.5250000000000001,6.47,5.17,
2024-10-15,imida,23.695,45.47,0.8,6.074999999999999,1.4849999999999999,
2024-11-05,imida,20.5,44.730000000000004,1.6600000000000001,7.0600000000000005,5.2250000000000005,
2024-12-26,imida,12.2,44.489999999999995,1.405,7.66,1.165,
2025-02-17,html,14.7,43.07,1.02,8.97,0.91,4.38
2025-02-17,imida,14.625,43.17,1.8599999999999999,8.940000000000001,1.37,
2025-02-23,html,15.4,42.82,1.13,8.52,1.42,4.21
2025-03-09,html,15.21,42.08,1.13,7.9,2.28,4.02
2025-03-12,html,15.21,42.08,1.13,7.9,2.28,4.02
2025-03-31,imida,17.205,41.82,1.8699999999999999,7.2,4.970000000000001,
2025-04-08,imida,18.97,41.36,1.655,7.85,2.745,
2025-04-14,imida,18.560000000000002,41.68,2.395,7.549999999999999,2.25,
2025-04-21,imida,18.33,41.885000000000005,0.98,8.190000000000001,8.41,
2025-04-28,imida,21.064999999999998,42.025000000000006,1.48,8.695,12.915,
2025-05-22,cdg,16.61,42.99,0.78,6.42,1.07,4.85
2025-07-03,cdg,23.31,43.65,0.45,6.24,0.59,4.32
2025-09-04,cdg,29.83,44.49,1.05,5.59,1.04,
2025-09-11,cdg,29.09,44.75,1.15,5.42,1.22,4.83
2025-09-25,cdg,30.03,45.02,1.11,6.01,1.3,4.89
2025-10-02,cdg,29.84,45.13,1.02,6.7,1.61,4.21
2025-10-09,cdg,,45.35,1.12,5.88,1.66,4.19
2025-10-30,cdg,25.51,45.83,1.13,6.53,2.41,3.95
2025-12-04,cdg,21.92,45.44,1.07,7.09,2.01,4.27
2025-12-11,cdg,20.52,45.14,1.55,6.67,4.7,3.29
2026-01-22,cdg,13.55,43.87,1.05,8.16,1.39,4.46
2026-01-29,cdg,13.21,43.97,1.05,8.79,0.98,4.47
2026-02-05,cdg,12.72,43.81,1.34,8.86,0.8,4.36
2026-02-12,cdg,12.68,41.87,1.51,8.86,1.0,4.38
2026-02-17,html,13.08,40.91,,6.31,1.32,3.76
2026-02-23,html,13.96,40.96,,5.54,0.44,4.19
2026-03-05,cdg,11.34,43.1,0.9,8.97,1.01,4.43
2026-03-09,html,14.91,40.74,1.74,6.34,0.8,4.13
2026-03-12,cdg,13.03,43.22,1.49,8.38,1.61,4.09
2026-03-12,html,15.1,40.44,0.9,6.11,0.64,4.31
